locale,key,master,existing
az,accessibility.autoSpeakOff,"Otomatik seslendirmeyi kapat","[AZ-TRANSLATION-NEEDED]"
az,accessibility.autoSpeakOn,"Otomatik seslendirmeyi aç","[AZ-TRANSLATION-NEEDED]"
az,achievements.categories.concept,"Kavramları Öğrenelim","[AZ-TRANSLATION-NEEDED]"
az,achievements.categories.letterSound,"Harf ve Sesler","[AZ-TRANSLATION-NEEDED]"
az,achievements.categories.objects,"Nesneleri Tanıyalım","[AZ-TRANSLATION-NEEDED]"
az,achievements.categories.reasoning,"Akıl Oyunları","[AZ-TRANSLATION-NEEDED]"
az,achievements.completed,"Tamamlandı","[AZ-TRANSLATION-NEEDED]"
az,achievements.subtitle,"Bir etkinliği 3 kez hatasız tamamlayarak rozetini kazan!","[AZ-TRANSLATION-NEEDED]"
az,achievements.title,"Başarımlar","[AZ-TRANSLATION-NEEDED]"
az,achievements.viewReportAria,"Gelişim Raporunu Görüntüle","[AZ-TRANSLATION-NEEDED]"
az,activityMgmt.concepts,"Kavram Etkinlikleri","[AZ-TRANSLATION-NEEDED]"
az,activityMgmt.enableAll,"Tümünü Etkinleştir","[AZ-TRANSLATION-NEEDED]"
az,activityMgmt.enableAllHelp,"Bu kategorideki tüm etkinlikleri aç/kapat","[AZ-TRANSLATION-NEEDED]"
az,activityMgmt.fineMotor,"İnce Motor Beceriler","[AZ-TRANSLATION-NEEDED]"
az,activityMgmt.lineTracing,"Çizgi Takip","[AZ-TRANSLATION-NEEDED]"
az,activityMgmt.objects,"Nesneleri Tanıyalım","[AZ-TRANSLATION-NEEDED]"
az,activityMgmt.reasoning,"Akıl Oyunları","[AZ-TRANSLATION-NEEDED]"
az,activityMgmt.rhythmFollowing,"Ritim Takip","[AZ-TRANSLATION-NEEDED]"
az,activityMgmt.shapeColoring,"Şekil Boyama","[AZ-TRANSLATION-NEEDED]"
az,activityMgmt.title,"Etkinlik Yönetimi","[AZ-TRANSLATION-NEEDED]"
az,app.activityLoadError,"Etkinlik yüklenirken bir hata oluştu.","[AZ-TRANSLATION-NEEDED]"
az,app.activityRestarting,"Etkinlik yeniden başlatılıyor...","[AZ-TRANSLATION-NEEDED]"
az,app.developing,"Geliştiriliyor","[AZ-TRANSLATION-NEEDED]"
az,app.noActivitySelected,"Etkinlik seçimi bulunamadı.","[AZ-TRANSLATION-NEEDED]"
az,app.noContentForActivity,"Bu etkinlik için içerik bulunamadı.","[AZ-TRANSLATION-NEEDED]"
az,app.noMoreImagesForActivity,"Bu etkinlik için gösterilecek başka görsel kalmadı.","[AZ-TRANSLATION-NEEDED]"
az,app.randomActivityRestarting,"Mevcut rastgele etkinlik yeniden başlatılıyor...","[AZ-TRANSLATION-NEEDED]"
az,categories.objectsIntl.noCuratedSet,"Bu kategori için henüz özel bir set yok.","[AZ-TRANSLATION-NEEDED]"
az,common.next,"Sonraki","[AZ-TRANSLATION-NEEDED]"
az,common.previous,"Önceki","[AZ-TRANSLATION-NEEDED]"
az,communication.addToBasket,"Sepete Ekle","[AZ-TRANSLATION-NEEDED]"
az,communication.basketEmpty,"Sepetiniz Boş","[AZ-TRANSLATION-NEEDED]"
az,communication.basketEmptyHelp,"Yazdırmak istediğiniz kartları eklemek için kategorilere geri dönün.","[AZ-TRANSLATION-NEEDED]"
az,communication.categories.duygular,"[AZ-TRANSLATION-NEEDED]","[AZ-TRANSLATION-NEEDED]"
az,communication.categories.esyalar,"[AZ-TRANSLATION-NEEDED]","[AZ-TRANSLATION-NEEDED]"
az,communication.categories.eylemler,"[AZ-TRANSLATION-NEEDED]","[AZ-TRANSLATION-NEEDED]"
az,communication.categories.hayvanlar,"[AZ-TRANSLATION-NEEDED]","[AZ-TRANSLATION-NEEDED]"
az,communication.categories.ihtiyaclar,"[AZ-TRANSLATION-NEEDED]","[AZ-TRANSLATION-NEEDED]"
az,communication.categories.kisiler,"[AZ-TRANSLATION-NEEDED]","[AZ-TRANSLATION-NEEDED]"
az,communication.categories.tasitlar,"[AZ-TRANSLATION-NEEDED]","[AZ-TRANSLATION-NEEDED]"
az,communication.categories.yerler,"[AZ-TRANSLATION-NEEDED]","[AZ-TRANSLATION-NEEDED]"
az,communication.clear,"Temizle","[AZ-TRANSLATION-NEEDED]"
az,communication.clearBasketAria,"Sepeti Temizle","[AZ-TRANSLATION-NEEDED]"
az,communication.clearSentenceAria,"Cümleyi temizle","[AZ-TRANSLATION-NEEDED]"
az,communication.composeHint,"Cümle oluşturmak için kartlara dokunun.","[AZ-TRANSLATION-NEEDED]"
az,communication.finishSelection,"Seçimi Bitir","[AZ-TRANSLATION-NEEDED]"
az,communication.finishSelectionAria,"Kart seçimini bitir","[AZ-TRANSLATION-NEEDED]"
az,communication.printBasketTitle,"Yazdırma Sepeti","[AZ-TRANSLATION-NEEDED]"
az,communication.printHint,"Sepete eklemek için kartlara dokunun.","[AZ-TRANSLATION-NEEDED]"
az,communication.printPoolLimitTooMany,"Yazdırmak için en fazla 9 kart seçebilirsiniz. Lütfen bazı kartları çıkarın.","[AZ-TRANSLATION-NEEDED]"
az,communication.printPoolLimitWarning,"Sepetiniz dolmak üzere veya dolu. En fazla 9 kart ekleyebilirsiniz.","[AZ-TRANSLATION-NEEDED]"
az,communication.printSelectedAria,"Seçili Kartları Yazdır","[AZ-TRANSLATION-NEEDED]"
az,communication.printSelectionCount,"[AZ-TRANSLATION-NEEDED]","[AZ-TRANSLATION-NEEDED]"
az,communication.printSelectionHelp,"Sepete eklemek istediğiniz kartları seçin.","[AZ-TRANSLATION-NEEDED]"
az,communication.removeFromBasket,"kartını sepetten çıkar","[AZ-TRANSLATION-NEEDED]"
az,communication.selectCardsForCategory,"""{title}"" için Kart Seç","[AZ-TRANSLATION-NEEDED]"
az,communication.selectForPrintAria,"Yazdırmak için kart seç","[AZ-TRANSLATION-NEEDED]"
az,communication.speakSentenceAria,"Cümleyi seslendir","[AZ-TRANSLATION-NEEDED]"
az,communication.subtitle,"Resim değişimi ile iletişim kurma sistemi - ihtiyaçlarınızı ifade edin.","[AZ-TRANSLATION-NEEDED]"
az,communication.title,"Görsel İletişim Kartları","[AZ-TRANSLATION-NEEDED]"
az,completion.heading,"Tebrikler!","[AZ-TRANSLATION-NEEDED]"
az,completion.home,"Ana Menü","[AZ-TRANSLATION-NEEDED]"
az,completion.msg.high,"Harika iş çıkardın!","[AZ-TRANSLATION-NEEDED]"
az,completion.msg.low,"Tekrar denemeye ne dersin?","[AZ-TRANSLATION-NEEDED]"
az,completion.msg.mid,"Çok iyi gidiyorsun!","[AZ-TRANSLATION-NEEDED]"
az,completion.restart,"Tekrar Oyna","[AZ-TRANSLATION-NEEDED]"
az,concepts.activities.aliveLifeless,"Canlı / Cansız","[AZ-TRANSLATION-NEEDED]"
az,concepts.activities.beforeAfter,"Önce / Sonra","[AZ-TRANSLATION-NEEDED]"
az,concepts.activities.belowAbove,"Aşağıda / Yukarıda","[AZ-TRANSLATION-NEEDED]"
az,concepts.activities.besideOpposite,"Yan yana / Karşı karşıya","[AZ-TRANSLATION-NEEDED]"
az,concepts.activities.between,"Arasında","[AZ-TRANSLATION-NEEDED]"
az,concepts.activities.bigSmall,"Büyük / Küçük","[AZ-TRANSLATION-NEEDED]"
az,concepts.activities.bitterSweet,"Acı / Tatlı","[AZ-TRANSLATION-NEEDED]"
az,concepts.activities.brokenIntact,"Kırık / Sağlam","[AZ-TRANSLATION-NEEDED]"
az,concepts.activities.cleanDirty,"Temiz / Kirli","[AZ-TRANSLATION-NEEDED]"
az,concepts.activities.colors,"Renkler","[AZ-TRANSLATION-NEEDED]"
az,concepts.activities.dayNight,"Gündüz / Gece","[AZ-TRANSLATION-NEEDED]"
az,concepts.activities.derinSig,"[AZ-TRANSLATION-NEEDED]","[AZ-TRANSLATION-NEEDED]"
az,concepts.activities.dikenliPuruzsuz,"[AZ-TRANSLATION-NEEDED]","[AZ-TRANSLATION-NEEDED]"
az,concepts.activities.dugumCozuk,"[AZ-TRANSLATION-NEEDED]","[AZ-TRANSLATION-NEEDED]"
az,concepts.activities.emotions,"Duygular","[AZ-TRANSLATION-NEEDED]"
az,concepts.activities.fastSlow,"Hızlı / Yavaş","[AZ-TRANSLATION-NEEDED]"
az,concepts.activities.fewMuch,"Az / Çok","[AZ-TRANSLATION-NEEDED]"
az,concepts.activities.fullEmpty,"Dolu / Boş","[AZ-TRANSLATION-NEEDED]"
az,concepts.activities.halfQuarterWhole,"[AZ-TRANSLATION-NEEDED]","[AZ-TRANSLATION-NEEDED]"
az,concepts.activities.hardSoft,"Sert / Yumuşak","[AZ-TRANSLATION-NEEDED]"
az,concepts.activities.heavyLight,"Ağır / Hafif","[AZ-TRANSLATION-NEEDED]"
az,concepts.activities.highLow,"Yüksek / Alçak","[AZ-TRANSLATION-NEEDED]"
az,concepts.activities.hotCold,"Sıcak / Soğuk","[AZ-TRANSLATION-NEEDED]"
az,concepts.activities.hungryFull,"Aç / Tok","[AZ-TRANSLATION-NEEDED]"
az,concepts.activities.inFrontOfBehind,"Önde / Arkada","[AZ-TRANSLATION-NEEDED]"
az,concepts.activities.insideOutside,"İçeride / Dışarıda","[AZ-TRANSLATION-NEEDED]"
az,concepts.activities.kalabalikTenha,"[AZ-TRANSLATION-NEEDED]","[AZ-TRANSLATION-NEEDED]"
az,concepts.activities.kirisikDuzgun,"[AZ-TRANSLATION-NEEDED]","[AZ-TRANSLATION-NEEDED]"
az,concepts.activities.leftRight,"Sol / Sağ","[AZ-TRANSLATION-NEEDED]"
az,concepts.activities.longShort,"Uzun / Kısa","[AZ-TRANSLATION-NEEDED]"
az,concepts.activities.messyClean,"[AZ-TRANSLATION-NEEDED]","[AZ-TRANSLATION-NEEDED]"
az,concepts.activities.nearFar,"Yakın / Uzak","[AZ-TRANSLATION-NEEDED]"
az,concepts.activities.oddEven,"Tek / Çift","[AZ-TRANSLATION-NEEDED]"
az,concepts.activities.oldNew,"Eski / Yeni","[AZ-TRANSLATION-NEEDED]"
az,concepts.activities.onUnder,"Üstünde / Altında","[AZ-TRANSLATION-NEEDED]"
az,concepts.activities.openClosed,"Açık / Kapalı","[AZ-TRANSLATION-NEEDED]"
az,concepts.activities.parlakMat,"[AZ-TRANSLATION-NEEDED]","[AZ-TRANSLATION-NEEDED]"
az,concepts.activities.roughSmooth,"Pürüzlü / Pürüzsüz","[AZ-TRANSLATION-NEEDED]"
az,concepts.activities.seffafOpak,"[AZ-TRANSLATION-NEEDED]","[AZ-TRANSLATION-NEEDED]"
az,concepts.activities.senses,"Duyularımız","[AZ-TRANSLATION-NEEDED]"
az,concepts.activities.shapes,"Şekiller","[AZ-TRANSLATION-NEEDED]"
az,concepts.activities.sivriKut,"[AZ-TRANSLATION-NEEDED]","[AZ-TRANSLATION-NEEDED]"
az,concepts.activities.straightCurved,"Düz / Eğri","[AZ-TRANSLATION-NEEDED]"
az,concepts.activities.tazeBayat,"[AZ-TRANSLATION-NEEDED]","[AZ-TRANSLATION-NEEDED]"
az,concepts.activities.tembelCaliskan,"[AZ-TRANSLATION-NEEDED]","[AZ-TRANSLATION-NEEDED]"
az,concepts.activities.tersDuz,"[AZ-TRANSLATION-NEEDED]","[AZ-TRANSLATION-NEEDED]"
az,concepts.activities.thinThick,"İnce / Kalın","[AZ-TRANSLATION-NEEDED]"
az,concepts.activities.wetDry,"Islak / Kuru","[AZ-TRANSLATION-NEEDED]"
az,concepts.activities.wideNarrow,"Geniş / Dar","[AZ-TRANSLATION-NEEDED]"
az,concepts.activities.yesNo,"Evet / Hayır","[AZ-TRANSLATION-NEEDED]"
az,concepts.activities.youngOld,"Genç / Yaşlı","[AZ-TRANSLATION-NEEDED]"
az,concepts.basic,"Temel","[AZ-TRANSLATION-NEEDED]"
az,concepts.dimensional,"Boyutsal","[AZ-TRANSLATION-NEEDED]"
az,concepts.location,"Konum","[AZ-TRANSLATION-NEEDED]"
az,concepts.quantity,"Miktar","[AZ-TRANSLATION-NEEDED]"
az,concepts.state,"Durum","[AZ-TRANSLATION-NEEDED]"
az,concepts.tactile,"Dokunsal","[AZ-TRANSLATION-NEEDED]"
az,concepts.time,"Zaman","[AZ-TRANSLATION-NEEDED]"
az,consent.accept,"Kabul Ediyorum","[AZ-TRANSLATION-NEEDED]"
az,consent.body,"Uygulamayı kullanmaya devam etmek için Gizlilik Politikası'nı kabul etmeniz gerekir. Kişisel veriler toplamıyoruz; oyun ilerlemeniz ve ayarlarınız yalnızca cihazınızda saklanır. Ücretsiz sürümde kişiselleştirilmemiş reklamlar gösterilebilir.","[AZ-TRANSLATION-NEEDED]"
az,consent.title,"Gizlilik Sözleşmesi","[AZ-TRANSLATION-NEEDED]"
az,consent.viewPolicy,"Gizlilik Politikası'nı Oku","[AZ-TRANSLATION-NEEDED]"
az,feedback.rightPrefix,"Doğru, bu","[AZ-TRANSLATION-NEEDED]"
az,letters.couldNotCreateForLetter,"'{letter}' harfi için bu etkinlik oluşturulamadı.","[AZ-TRANSLATION-NEEDED]"
az,letters.groups,"Gruplar","[AZ-TRANSLATION-NEEDED]"
az,letters.letters,"Harfler","[AZ-TRANSLATION-NEEDED]"
az,letters.noWordsForGroup,"Bu grup için kelime bulunamadı.","[AZ-TRANSLATION-NEEDED]"
az,letters.syllableRestarting,"Hece etkinliği yeniden başlatılıyor...","[AZ-TRANSLATION-NEEDED]"
az,lineTracing.instruction,"Parmağınla çizgiyi takip et. Çizginin üzerinde kal!","[AZ-TRANSLATION-NEEDED]"
az,menu.achievements.categories.fineMotor,"İnce Motor Beceriler","[AZ-TRANSLATION-NEEDED]"
az,menu.achievements.fineMotor.lineTracing,"Çizgi Takip","[AZ-TRANSLATION-NEEDED]"
az,menu.achievements.fineMotor.rhythmFollowing,"Ritim Takip","[AZ-TRANSLATION-NEEDED]"
az,menu.achievements.fineMotor.shapeColoring,"Şekil Boyama","[AZ-TRANSLATION-NEEDED]"
az,menu.appTitle,"İlk Sözüm: Otizm & Okul Öncesi","[AZ-TRANSLATION-NEEDED]"
az,menu.concepts.subtitle,"Renkleri, şekilleri ve zıt kavramları öğren.","[AZ-TRANSLATION-NEEDED]"
az,menu.concepts.title,"Kavram Etkinlikleri","[AZ-TRANSLATION-NEEDED]"
az,menu.fineMotor.subtitle,"Çizgi Takip, Boyama ve daha fazlası","[AZ-TRANSLATION-NEEDED]"
az,menu.fineMotor.title,"İnce Motor","[AZ-TRANSLATION-NEEDED]"
az,menu.hello,"Merhaba","[AZ-TRANSLATION-NEEDED]"
az,menu.letterSound.subtitle,"Harfleri ve sesleri öğren, hecele ve oku.","[AZ-TRANSLATION-NEEDED]"
az,menu.letterSound.title,"Harf ve Sesler","[AZ-TRANSLATION-NEEDED]"
az,menu.objects.subtitle,"Hayvanları, meyveleri ve daha fazlasını öğren.","[AZ-TRANSLATION-NEEDED]"
az,menu.objects.title,"Nesneleri Tanıyalım","[AZ-TRANSLATION-NEEDED]"
az,menu.parentTips.subtitle,"Uygulamayı daha verimli kullanın","[AZ-TRANSLATION-NEEDED]"
az,menu.parentTips.title,"Ebeveynler İçin İpuçları","[AZ-TRANSLATION-NEEDED]"
az,menu.random.subtitle,"Seçili etkinliklerden karışık oyna","[AZ-TRANSLATION-NEEDED]"
az,menu.random.title,"Rastgele Mod","[AZ-TRANSLATION-NEEDED]"
az,menu.reasoning.subtitle,"Hafıza, sudoku ve mantık oyunları oyna.","[AZ-TRANSLATION-NEEDED]"
az,menu.reasoning.title,"Akıl Oyunları","[AZ-TRANSLATION-NEEDED]"
az,objects.activityRestarting,"Nesne etkinliği yeniden başlatılıyor...","[AZ-TRANSLATION-NEEDED]"
az,objects.categories.bina,"[AZ-TRANSLATION-NEEDED]","[AZ-TRANSLATION-NEEDED]"
az,objects.categories.bitki,"[AZ-TRANSLATION-NEEDED]","[AZ-TRANSLATION-NEEDED]"
az,objects.categories.doğa olayı,"[AZ-TRANSLATION-NEEDED]","[AZ-TRANSLATION-NEEDED]"
az,objects.categories.doğal nesne,"[AZ-TRANSLATION-NEEDED]","[AZ-TRANSLATION-NEEDED]"
az,objects.categories.doğal yapı,"[AZ-TRANSLATION-NEEDED]","[AZ-TRANSLATION-NEEDED]"
az,objects.categories.eglence,"[AZ-TRANSLATION-NEEDED]","[AZ-TRANSLATION-NEEDED]"
az,objects.categories.ev,"[AZ-TRANSLATION-NEEDED]","[AZ-TRANSLATION-NEEDED]"
az,objects.categories.ev_esya,"[AZ-TRANSLATION-NEEDED]","[AZ-TRANSLATION-NEEDED]"
az,objects.categories.giysi,"[AZ-TRANSLATION-NEEDED]","[AZ-TRANSLATION-NEEDED]"
az,objects.categories.hayvan,"[AZ-TRANSLATION-NEEDED]","[AZ-TRANSLATION-NEEDED]"
az,objects.categories.insan,"[AZ-TRANSLATION-NEEDED]","[AZ-TRANSLATION-NEEDED]"
az,objects.categories.meyve,"[AZ-TRANSLATION-NEEDED]","[AZ-TRANSLATION-NEEDED]"
az,objects.categories.mutfak,"[AZ-TRANSLATION-NEEDED]","[AZ-TRANSLATION-NEEDED]"
az,objects.categories.muzik_aleti,"[AZ-TRANSLATION-NEEDED]","[AZ-TRANSLATION-NEEDED]"
az,objects.categories.okul_esya,"[AZ-TRANSLATION-NEEDED]","[AZ-TRANSLATION-NEEDED]"
az,objects.categories.oyuncak,"[AZ-TRANSLATION-NEEDED]","[AZ-TRANSLATION-NEEDED]"
az,objects.categories.profession,"[AZ-TRANSLATION-NEEDED]","[AZ-TRANSLATION-NEEDED]"
az,objects.categories.sebze,"[AZ-TRANSLATION-NEEDED]","[AZ-TRANSLATION-NEEDED]"
az,objects.categories.tamir_aleti,"[AZ-TRANSLATION-NEEDED]","[AZ-TRANSLATION-NEEDED]"
az,objects.categories.ulasim,"[AZ-TRANSLATION-NEEDED]","[AZ-TRANSLATION-NEEDED]"
az,objects.categories.uzay,"[AZ-TRANSLATION-NEEDED]","[AZ-TRANSLATION-NEEDED]"
az,objects.categories.vücut,"[AZ-TRANSLATION-NEEDED]","[AZ-TRANSLATION-NEEDED]"
az,objects.categories.yer,"[AZ-TRANSLATION-NEEDED]","[AZ-TRANSLATION-NEEDED]"
az,objects.categories.yiyecek,"[AZ-TRANSLATION-NEEDED]","[AZ-TRANSLATION-NEEDED]"
az,objects.noTestForCategory,"Bu kategori için test oluşturulamadı.","[AZ-TRANSLATION-NEEDED]"
az,parentReport.attemptsLabel,"deneme","[AZ-TRANSLATION-NEEDED]"
az,parentReport.bestPerforming,"En Başarılı Alanlar (Özet)","[AZ-TRANSLATION-NEEDED]"
az,parentReport.errorLabel,"Hata","[AZ-TRANSLATION-NEEDED]"
az,parentReport.fullReport,"Tüm Etkinlik Raporu","[AZ-TRANSLATION-NEEDED]"
az,parentReport.goBackAria,"Geri dön","[AZ-TRANSLATION-NEEDED]"
az,parentReport.mostChallenging,"En Çok Zorlanılanlar (Özet)","[AZ-TRANSLATION-NEEDED]"
az,parentReport.noChallengesFound,"Belirgin bir zorluk alanı bulunamadı. Harika gidiyor!","[AZ-TRANSLATION-NEEDED]"
az,parentReport.noRecentActivities,"Henüz bir etkinlik tamamlanmadı.","[AZ-TRANSLATION-NEEDED]"
az,parentReport.noSuccessDataYet,"Başarı verileri toplamak için daha fazla etkinlik tamamlanmalı.","[AZ-TRANSLATION-NEEDED]"
az,parentReport.recentActivities,"Son Aktiviteler","[AZ-TRANSLATION-NEEDED]"
az,parentReport.recommendationFocusOn,"Çocuğunuzun en çok zorlandığı ""{activityName}"" etkinliği üzerine odaklanarak başlayabilirsiniz.","[AZ-TRANSLATION-NEEDED]"
az,parentReport.recommendationGeneral,"Öğrenme yolculuğuna devam edin! Farklı kategorilerden etkinlikler deneyerek yeni beceriler kazanmasına yardımcı olabilirsiniz.","[AZ-TRANSLATION-NEEDED]"
az,parentReport.recommendationModel,"Bu etkinliği tekrar oynarken ona model olabilir ve doğru cevapları birlikte bulabilirsiniz.","[AZ-TRANSLATION-NEEDED]"
az,parentReport.recommendationReinforce,"Çocuğunuz ""{activityName}"" konusunda çok başarılı! Bu alandaki özgüvenini pekiştirmek için benzer etkinlikleri deneyebilirsiniz.","[AZ-TRANSLATION-NEEDED]"
az,parentReport.recommendations,"Öneriler","[AZ-TRANSLATION-NEEDED]"
az,parentReport.successLabel,"Başarı","[AZ-TRANSLATION-NEEDED]"
az,parentReport.title,"Gelişim Raporu","[AZ-TRANSLATION-NEEDED]"
az,parentReport.viewAchievementsAria,"Başarımları Görüntüle","[AZ-TRANSLATION-NEEDED]"
az,parentTips.communication.text,"Çocuğunuzun ihtiyaçlarını, duygularını veya isteklerini ifade etmesine yardımcı olmak için İletişim Kartları bölümünü kullanın.","[AZ-TRANSLATION-NEEDED]"
az,parentTips.communication.title,"İletişim Kartları","[AZ-TRANSLATION-NEEDED]"
az,parentTips.customize.text,"Ayarlar'daki Etkinlik Yönetimi'ni kullanarak belirli becerilere odaklanın veya çocuğunuzun henüz hazır olmadığı etkinlikleri geçici olarak devre dışı bırakın.","[AZ-TRANSLATION-NEEDED]"
az,parentTips.customize.title,"Etkinlikleri Özelleştirin","[AZ-TRANSLATION-NEEDED]"
az,parentTips.extra.practice.text,"Yakında çocuğunuzun en çok zorlandığı etkinliklere göre bir 'Alıştırma Oturumu' başlatabileceksiniz.","[AZ-TRANSLATION-NEEDED]"
az,parentTips.extra.practice.title,"Alıştırma Modu (Yakında)","[AZ-TRANSLATION-NEEDED]"
az,parentTips.extra.title,"Ek İpuçları","[AZ-TRANSLATION-NEEDED]"
az,parentTips.guide,"Uygulama Rehberi","[AZ-TRANSLATION-NEEDED]"
az,parentTips.learnTogether.text,"Etkinlikleri çocuğunuzla birlikte yapın. Nesnelerin isimlerini tekrar edin ve onlar hakkında sorular sorun (""Bu hayvan nerede yaşar?"", ""Bu meyvenin tadı nasıldır?""). Bu, dil gelişimini destekler ve bağınızı güçlendirir.","[AZ-TRANSLATION-NEEDED]"
az,parentTips.learnTogether.title,"Birlikte Öğrenin","[AZ-TRANSLATION-NEEDED]"
az,parentTips.profile.text,"Uygulama ilk açılışta otomatik olarak ""Misafir"" profili oluşturur. Birden fazla çocuğu ayrı ayrı takip etmek isterseniz, Ayarlar menüsünden yeni profiller oluşturabilir veya mevcut profiller arasında geçiş yapabilirsiniz.","[AZ-TRANSLATION-NEEDED]"
az,parentTips.profile.title,"Profil Yönetimi (Opsiyonel)","[AZ-TRANSLATION-NEEDED]"
az,parentTips.progress.achievements.text,"Çocuğunuzun hangi kategorilerde ustalaştığını gösterir. Bir etkinliği 3 kez mükemmel tamamlayarak rozet kazanın!","[AZ-TRANSLATION-NEEDED]"
az,parentTips.progress.achievements.title,"Başarımlar Sekmesi","[AZ-TRANSLATION-NEEDED]"
az,parentTips.progress.report.text,"Çocuğunuz için en zorlayıcı ve en başarılı etkinlikleri vurgular.","[AZ-TRANSLATION-NEEDED]"
az,parentTips.progress.report.title,"İlerleme Raporu","[AZ-TRANSLATION-NEEDED]"
az,parentTips.progress.title,"İlerlemeyi Takip Edin","[AZ-TRANSLATION-NEEDED]"
az,parentTips.randomMode.text,"Farklı kategorilerden tüm etkinleştirilmiş egzersizlerin karışık bir seçkisini sunar ve öğrenmeyi eğlenceli bir şekilde pekiştirir.","[AZ-TRANSLATION-NEEDED]"
az,parentTips.randomMode.title,"Rastgele Modu Deneyin","[AZ-TRANSLATION-NEEDED]"
az,parentTips.settings.ban.text,"Çocuğunuz bir görseli sevmiyorsa, Ayarlar'dan ""Görüntüyü Yasakla"" seçeneğini etkinleştirip etkinliklerdeki yasakla düğmesini kullanarak o görseli daha sonra gizleyebilirsiniz.","[AZ-TRANSLATION-NEEDED]"
az,parentTips.settings.ban.title,"Görüntüyü Yasakla","[AZ-TRANSLATION-NEEDED]"
az,parentTips.settings.fastMode.text,"Geri bildirimleri kısaltır ve etkinlikler arasındakı geçişleri hızlandırır.","[AZ-TRANSLATION-NEEDED]"
az,parentTips.settings.fastMode.title,"Hızlı Mod","[AZ-TRANSLATION-NEEDED]"
az,parentTips.settings.themed.text,"Uygulamanın görünümünü değiştirin. 'Temalı' mod hareketli arka planlara sahiptir, 'Sade' mod ise daha yumuşak bir palet sunar.","[AZ-TRANSLATION-NEEDED]"
az,parentTips.settings.themed.title,"Temalı Arayüz","[AZ-TRANSLATION-NEEDED]"
az,parentTips.settings.title,"Ayarları Keşfedin","[AZ-TRANSLATION-NEEDED]"
az,questions.q_does_this_have_sound,"Bu ses çıkarır mı?","[AZ-TRANSLATION-NEEDED]"
az,questions.q_put_apple_right_of_basket,"Elmayı sepetin sağına koy.","[AZ-TRANSLATION-NEEDED]"
az,questions.q_put_ball_in_box,"Topu kutunun içine koy.","[AZ-TRANSLATION-NEEDED]"
az,questions.q_put_book_on_table,"Kitabı masanın üstüne koy.","[AZ-TRANSLATION-NEEDED]"
az,questions.q_put_car_left_of_house,"Arabayı evin soluna koy.","[AZ-TRANSLATION-NEEDED]"
az,questions.q_put_shoe_under_bed,"Ayakkabıyı yatağın altına koy.","[AZ-TRANSLATION-NEEDED]"
az,questions.q_what_after_socks,"Çoraptan sonra ne giyeriz?","[AZ-TRANSLATION-NEEDED]"
az,questions.q_what_brush_teeth_with,"Dişlerimizi ne ile fırçalarız?","[AZ-TRANSLATION-NEEDED]"
az,questions.q_what_color_picture_with,"Resmi ne ile boyarız?","[AZ-TRANSLATION-NEEDED]"
az,questions.q_what_eat_pasta_with,"Makarnayı ne ile yeriz?","[AZ-TRANSLATION-NEEDED]"
az,questions.q_what_eat_soup_with,"Çorbayı ne ile içeriz?","[AZ-TRANSLATION-NEEDED]"
az,questions.q_what_hammer_nail_with,"Çiviyi neyle çakarız?","[AZ-TRANSLATION-NEEDED]"
az,questions.q_what_open_door_with,"Kapıyı ne ile açarız?","[AZ-TRANSLATION-NEEDED]"
az,questions.q_what_write_paper_with,"Kağıda ne ile yazarız?","[AZ-TRANSLATION-NEEDED]"
az,questions.q_where_put_money,"Parayı nereye koyarız?","[AZ-TRANSLATION-NEEDED]"
az,questions.q_where_use_pillow,"Yastığı nerede kullanırız?","[AZ-TRANSLATION-NEEDED]"
az,questions.q_which_are_beside,"Hangileri yan yana?","[AZ-TRANSLATION-NEEDED]"
az,questions.q_which_are_opposite,"Hangileri karşı karşıya?","[AZ-TRANSLATION-NEEDED]"
az,questions.q_which_faces_left,"Hangisi sola bakıyor?","[AZ-TRANSLATION-NEEDED]"
az,questions.q_which_faces_right,"Hangisi sağa bakıyor?","[AZ-TRANSLATION-NEEDED]"
az,questions.q_which_is_above,"Hangisi yukarıda?","[AZ-TRANSLATION-NEEDED]"
az,questions.q_which_is_after,"Hangisi sonra?","[AZ-TRANSLATION-NEEDED]"
az,questions.q_which_is_alive,"Hangisi canlı?","[AZ-TRANSLATION-NEEDED]"
az,questions.q_which_is_before,"Hangisi önce?","[AZ-TRANSLATION-NEEDED]"
az,questions.q_which_is_behind,"Hangisi arkada?","[AZ-TRANSLATION-NEEDED]"
az,questions.q_which_is_below,"Hangisi aşağıda?","[AZ-TRANSLATION-NEEDED]"
az,questions.q_which_is_between,"Hangisi arasında?","[AZ-TRANSLATION-NEEDED]"
az,questions.q_which_is_big,"Hangisi büyük?","[AZ-TRANSLATION-NEEDED]"
az,questions.q_which_is_bitter,"Hangisi acı?","[AZ-TRANSLATION-NEEDED]"
az,questions.q_which_is_blunt,"Hangisi küt?","[AZ-TRANSLATION-NEEDED]"
az,questions.q_which_is_broken,"Hangisi kırık?","[AZ-TRANSLATION-NEEDED]"
az,questions.q_which_is_clean,"Hangisi temiz?","[AZ-TRANSLATION-NEEDED]"
az,questions.q_which_is_closed,"Hangisi kapalı?","[AZ-TRANSLATION-NEEDED]"
az,questions.q_which_is_cold,"Hangisi soğuk?","[AZ-TRANSLATION-NEEDED]"
az,questions.q_which_is_color,"Hangisi {color}?","[AZ-TRANSLATION-NEEDED]"
az,questions.q_which_is_crowded,"Hangisi kalabalık?","[AZ-TRANSLATION-NEEDED]"
az,questions.q_which_is_curved,"Hangisi eğri?","[AZ-TRANSLATION-NEEDED]"
az,questions.q_which_is_day,"Hangisi gündüz?","[AZ-TRANSLATION-NEEDED]"
az,questions.q_which_is_deep,"Hangisi derin?","[AZ-TRANSLATION-NEEDED]"
az,questions.q_which_is_different,"Hangisi farklı?","[AZ-TRANSLATION-NEEDED]"
az,questions.q_which_is_dirty,"Hangisi kirli?","[AZ-TRANSLATION-NEEDED]"
az,questions.q_which_is_dry,"Hangisi kuru?","[AZ-TRANSLATION-NEEDED]"
az,questions.q_which_is_even,"Hangisi çift?","[AZ-TRANSLATION-NEEDED]"
az,questions.q_which_is_far,"Hangisi uzak?","[AZ-TRANSLATION-NEEDED]"
az,questions.q_which_is_fast,"Hangisi hızlı?","[AZ-TRANSLATION-NEEDED]"
az,questions.q_which_is_few,"Hangisi az?","[AZ-TRANSLATION-NEEDED]"
az,questions.q_which_is_fresh,"Hangisi taze?","[AZ-TRANSLATION-NEEDED]"
az,questions.q_which_is_full,"Hangisi tok?","[AZ-TRANSLATION-NEEDED]"
az,questions.q_which_is_hard,"Hangisi sert?","[AZ-TRANSLATION-NEEDED]"
az,questions.q_which_is_hardworking,"Hangisi çalışkan?","[AZ-TRANSLATION-NEEDED]"
az,questions.q_which_is_heavy,"Hangisi ağır?","[AZ-TRANSLATION-NEEDED]"
az,questions.q_which_is_higher,"Hangisi yüksek?","[AZ-TRANSLATION-NEEDED]"
az,questions.q_which_is_hot,"Hangisi sıcak?","[AZ-TRANSLATION-NEEDED]"
az,questions.q_which_is_hungry,"Hangisi aç?","[AZ-TRANSLATION-NEEDED]"
az,questions.q_which_is_in_front,"Hangisi önde?","[AZ-TRANSLATION-NEEDED]"
az,questions.q_which_is_inside,"Hangisi içeride?","[AZ-TRANSLATION-NEEDED]"
az,questions.q_which_is_intact,"Hangisi sağlam?","[AZ-TRANSLATION-NEEDED]"
az,questions.q_which_is_knotted,"Hangisi düğümlü?","[AZ-TRANSLATION-NEEDED]"
az,questions.q_which_is_lazy,"Hangisi tembel?","[AZ-TRANSLATION-NEEDED]"
az,questions.q_which_is_left,"Hangisi sola bakıyor?","[AZ-TRANSLATION-NEEDED]"
az,questions.q_which_is_lifeless,"Hangisi cansız?","[AZ-TRANSLATION-NEEDED]"
az,questions.q_which_is_light,"Hangisi hafif?","[AZ-TRANSLATION-NEEDED]"
az,questions.q_which_is_long,"Hangisi uzun?","[AZ-TRANSLATION-NEEDED]"
az,questions.q_which_is_lower,"Hangisi alçak?","[AZ-TRANSLATION-NEEDED]"
az,questions.q_which_is_many,"Hangisi çok?","[AZ-TRANSLATION-NEEDED]"
az,questions.q_which_is_matte,"Hangisi mat?","[AZ-TRANSLATION-NEEDED]"
az,questions.q_which_is_messy,"Hangisi dağınık?","[AZ-TRANSLATION-NEEDED]"
az,questions.q_which_is_narrow,"Hangisi dar?","[AZ-TRANSLATION-NEEDED]"
az,questions.q_which_is_near,"Hangisi yakın?","[AZ-TRANSLATION-NEEDED]"
az,questions.q_which_is_new,"Hangisi yeni?","[AZ-TRANSLATION-NEEDED]"
az,questions.q_which_is_night,"Hangisi gece?","[AZ-TRANSLATION-NEEDED]"
az,questions.q_which_is_noisy,"Hangisi gürültülü?","[AZ-TRANSLATION-NEEDED]"
az,questions.q_which_is_object,"Hangisi nesne?","[AZ-TRANSLATION-NEEDED]"
az,questions.q_which_is_odd,"Hangisi tek?","[AZ-TRANSLATION-NEEDED]"
az,questions.q_which_is_old,"Hangisi eski?","[AZ-TRANSLATION-NEEDED]"
az,questions.q_which_is_on,"Hangisi üstünde?","[AZ-TRANSLATION-NEEDED]"
az,questions.q_which_is_opaque,"Hangisi opak?","[AZ-TRANSLATION-NEEDED]"
az,questions.q_which_is_open,"Hangisi açık?","[AZ-TRANSLATION-NEEDED]"
az,questions.q_which_is_outside,"Hangisi dışarıda?","[AZ-TRANSLATION-NEEDED]"
az,questions.q_which_is_pointed,"Hangisi sivri?","[AZ-TRANSLATION-NEEDED]"
az,questions.q_which_is_quiet,"Hangisi sessiz?","[AZ-TRANSLATION-NEEDED]"
az,questions.q_which_is_right,"Hangisi sağa bakıyor?","[AZ-TRANSLATION-NEEDED]"
az,questions.q_which_is_rough,"Hangisi pürüzlü?","[AZ-TRANSLATION-NEEDED]"
az,questions.q_which_is_shallow,"Hangisi sığ?","[AZ-TRANSLATION-NEEDED]"
az,questions.q_which_is_shape,"Hangisi {shape}?","[AZ-TRANSLATION-NEEDED]"
az,questions.q_which_is_shiny,"Hangisi parlak?","[AZ-TRANSLATION-NEEDED]"
az,questions.q_which_is_short,"Hangisi kısa?","[AZ-TRANSLATION-NEEDED]"
az,questions.q_which_is_slow,"Hangisi yavaş?","[AZ-TRANSLATION-NEEDED]"
az,questions.q_which_is_small,"Hangisi küçük?","[AZ-TRANSLATION-NEEDED]"
az,questions.q_which_is_smooth,"Hangisi pürüzsüz?","[AZ-TRANSLATION-NEEDED]"
az,questions.q_which_is_soft,"Hangisi yumuşak?","[AZ-TRANSLATION-NEEDED]"
az,questions.q_which_is_sour,"Hangisi ekşi?","[AZ-TRANSLATION-NEEDED]"
az,questions.q_which_is_sparse,"Hangisi tenha?","[AZ-TRANSLATION-NEEDED]"
az,questions.q_which_is_stale,"Hangisi bayat?","[AZ-TRANSLATION-NEEDED]"
az,questions.q_which_is_straight,"Hangisi düz?","[AZ-TRANSLATION-NEEDED]"
az,questions.q_which_is_sweet,"Hangisi tatlı?","[AZ-TRANSLATION-NEEDED]"
az,questions.q_which_is_thick,"Hangisi kalın?","[AZ-TRANSLATION-NEEDED]"
az,questions.q_which_is_thin,"Hangisi ince?","[AZ-TRANSLATION-NEEDED]"
az,questions.q_which_is_thorny,"Hangisi dikenli?","[AZ-TRANSLATION-NEEDED]"
az,questions.q_which_is_tidy,"Hangisi düzenli?","[AZ-TRANSLATION-NEEDED]"
az,questions.q_which_is_transparent,"Hangisi şeffaf?","[AZ-TRANSLATION-NEEDED]"
az,questions.q_which_is_under,"Hangisi altında?","[AZ-TRANSLATION-NEEDED]"
az,questions.q_which_is_untied,"Hangisi çözük?","[AZ-TRANSLATION-NEEDED]"
az,questions.q_which_is_upright,"Hangisi düz?","[AZ-TRANSLATION-NEEDED]"
az,questions.q_which_is_wet,"Hangisi ıslak?","[AZ-TRANSLATION-NEEDED]"
az,questions.q_which_is_wide,"Hangisi geniş?","[AZ-TRANSLATION-NEEDED]"
az,questions.q_which_is_wrinkled,"Hangisi kırışık?","[AZ-TRANSLATION-NEEDED]"
az,questions.q_which_is_young,"Hangisi genç?","[AZ-TRANSLATION-NEEDED]"
az,reasoning.activities.causeEffect.subtitle,"Olaylar arasındaki ilişkiyi bul","[AZ-TRANSLATION-NEEDED]"
az,reasoning.activities.causeEffect.title,"Neden - Sonuç","[AZ-TRANSLATION-NEEDED]"
az,reasoning.activities.functionalMatching.subtitle,"Nesneleri görevlerine göre eşle","[AZ-TRANSLATION-NEEDED]"
az,reasoning.activities.functionalMatching.title,"İşlevsel Eşleştirme","[AZ-TRANSLATION-NEEDED]"
az,reasoning.activities.memoryCards.instruction,"Kartların yerini aklında tut ve eşlerini bul.","[AZ-TRANSLATION-NEEDED]"
az,reasoning.activities.memoryCards.memorizeTitle,"Ezberle!","[AZ-TRANSLATION-NEEDED]"
az,reasoning.activities.memoryCards.playTitle,"Eşini Bul","[AZ-TRANSLATION-NEEDED]"
az,reasoning.activities.memoryCards.subtitle,"Kartların eşini bul","[AZ-TRANSLATION-NEEDED]"
az,reasoning.activities.memoryCards.title,"Hafıza Kartları","[AZ-TRANSLATION-NEEDED]"
az,reasoning.activities.patternCompletion.subtitle,"Sıradaki şekli tahmin et","[AZ-TRANSLATION-NEEDED]"
az,reasoning.activities.patternCompletion.title,"Örüntü Tamamlama","[AZ-TRANSLATION-NEEDED]"
az,reasoning.activities.sequencingStories.subtitle,"Hikayeyi doğru sıraya diz","[AZ-TRANSLATION-NEEDED]"
az,reasoning.activities.sequencingStories.title,"Olay Sıralama","[AZ-TRANSLATION-NEEDED]"
az,reasoning.activities.sudoku.subtitle,"Eksik parçayı tamamla","[AZ-TRANSLATION-NEEDED]"
az,reasoning.activities.sudoku.title,"Görsel Sudoku","[AZ-TRANSLATION-NEEDED]"
az,reasoning.activities.whatDoesntBelong.subtitle,"Gruba uymayanı bul","[AZ-TRANSLATION-NEEDED]"
az,reasoning.activities.whatDoesntBelong.title,"Hangisi Farklı?","[AZ-TRANSLATION-NEEDED]"
az,reasoning.title,"Akıl Oyunları","[AZ-TRANSLATION-NEEDED]"
az,settingsEx.about.title,"Hakkında","[AZ-TRANSLATION-NEEDED]"
az,settingsEx.activityManagement.title,"Etkinlik Yönetimi","[AZ-TRANSLATION-NEEDED]"
az,settingsEx.autoSpeak.subtitle,"Sorular otomatik okunur","[AZ-TRANSLATION-NEEDED]"
az,settingsEx.autoSpeak.title,"Otomatik Seslendirme","[AZ-TRANSLATION-NEEDED]"
az,settingsEx.backToSettingsAria,"Ayarlara dön","[AZ-TRANSLATION-NEEDED]"
az,settingsEx.banButton.subtitle,"'Yasakla' düğmesini gösterir","[AZ-TRANSLATION-NEEDED]"
az,settingsEx.banButton.title,"Görsel Yasaklama","[AZ-TRANSLATION-NEEDED]"
az,settingsEx.content.title,"İçerik Ayarları","[AZ-TRANSLATION-NEEDED]"
az,settingsEx.data.title,"Veri Yönetimi","[AZ-TRANSLATION-NEEDED]"
az,settingsEx.fastMode.subtitle,"Geçişleri hızlandırır","[AZ-TRANSLATION-NEEDED]"
az,settingsEx.fastMode.title,"Hızlı Mod","[AZ-TRANSLATION-NEEDED]"
az,settingsEx.general.title,"Genel Ayarlar","[AZ-TRANSLATION-NEEDED]"
az,settingsEx.manageBanned.subtitle,"Yasakladıklarınızı düzenleyin","[AZ-TRANSLATION-NEEDED]"
az,settingsEx.manageBanned.title,"Yasaklı Görselleri Yönet","[AZ-TRANSLATION-NEEDED]"
az,settingsEx.mute.subtitle,"Tüm sesleri kapatır","[AZ-TRANSLATION-NEEDED]"
az,settingsEx.mute.title,"Sessiz Mod","[AZ-TRANSLATION-NEEDED]"
az,settingsEx.premium.cta,"Premium'a Geç & Destek Ol","[AZ-TRANSLATION-NEEDED]"
az,settingsEx.premium.desc,"Tüm reklamları kaldırın, temalı arayüzü açın, gelişim raporunu görüntüleyin ve daha fazlasına erişin!","[AZ-TRANSLATION-NEEDED]"
az,settingsEx.premium.title,"Premium Özellikler","[AZ-TRANSLATION-NEEDED]"
az,settingsEx.privacy.read,"Oku","[AZ-TRANSLATION-NEEDED]"
az,settingsEx.privacy.subtitle,"Veri kullanımı ve haklarınız","[AZ-TRANSLATION-NEEDED]"
az,settingsEx.privacy.title,"Gizlilik Politikası","[AZ-TRANSLATION-NEEDED]"
az,settingsEx.profile.active,"Aktif Profil","[AZ-TRANSLATION-NEEDED]"
az,settingsEx.profile.manage,"Yönet","[AZ-TRANSLATION-NEEDED]"
az,settingsEx.profile.title,"Profil","[AZ-TRANSLATION-NEEDED]"
az,settingsEx.reset.confirm,"{name} için tüm ilerlemeyi sıfırlamak istediğinizden emin misiniz? Bu işlem geri alınamaz.","[AZ-TRANSLATION-NEEDED]"
az,settingsEx.reset.subtitle,"{name}'in tüm verilerini siler","[AZ-TRANSLATION-NEEDED]"
az,settingsEx.reset.title,"İlerlemeyi Sıfırla","[AZ-TRANSLATION-NEEDED]"
az,settingsEx.theme.title,"Uygulama Teması","[AZ-TRANSLATION-NEEDED]"
az,settingsEx.title,"Ayarlar","[AZ-TRANSLATION-NEEDED]"
az,story.readStory,"Hikayeyi seslendir","[AZ-TRANSLATION-NEEDED]"
az,tabs.achievements,"Raporlar","[AZ-TRANSLATION-NEEDED]"
az,tabs.activities,"Etkinlikler","[AZ-TRANSLATION-NEEDED]"
az,tabs.communication,"İletişim","[AZ-TRANSLATION-NEEDED]"
az,tabs.settings,"Ayarlar","[AZ-TRANSLATION-NEEDED]"
az,themes.ay,"[AZ-TRANSLATION-NEEDED]","[AZ-TRANSLATION-NEEDED]"
az,themes.ay2,"[AZ-TRANSLATION-NEEDED]","[AZ-TRANSLATION-NEEDED]"
az,themes.balon,"[AZ-TRANSLATION-NEEDED]","[AZ-TRANSLATION-NEEDED]"
az,themes.geceorman,"[AZ-TRANSLATION-NEEDED]","[AZ-TRANSLATION-NEEDED]"
az,themes.geometri,"[AZ-TRANSLATION-NEEDED]","[AZ-TRANSLATION-NEEDED]"
az,themes.gunbatimi,"[AZ-TRANSLATION-NEEDED]","[AZ-TRANSLATION-NEEDED]"
az,themes.gunes,"[AZ-TRANSLATION-NEEDED]","[AZ-TRANSLATION-NEEDED]"
az,themes.kar,"[AZ-TRANSLATION-NEEDED]","[AZ-TRANSLATION-NEEDED]"
az,themes.kedi,"[AZ-TRANSLATION-NEEDED]","[AZ-TRANSLATION-NEEDED]"
az,themes.kus,"[AZ-TRANSLATION-NEEDED]","[AZ-TRANSLATION-NEEDED]"
az,themes.simple,"Sade","[AZ-TRANSLATION-NEEDED]"
az,themes.tilki,"[AZ-TRANSLATION-NEEDED]","[AZ-TRANSLATION-NEEDED]"
az,themes.tilki2,"[AZ-TRANSLATION-NEEDED]","[AZ-TRANSLATION-NEEDED]"
az,themes.yagmur,"[AZ-TRANSLATION-NEEDED]","[AZ-TRANSLATION-NEEDED]"
az,themes.zurafa,"[AZ-TRANSLATION-NEEDED]","[AZ-TRANSLATION-NEEDED]"
de,activityMgmt.concepts,"Kavram Etkinlikleri","[DE-TRANSLATION-NEEDED]"
de,activityMgmt.fineMotor,"İnce Motor Beceriler","[DE-TRANSLATION-NEEDED]"
de,activityMgmt.lineTracing,"Çizgi Takip","[DE-TRANSLATION-NEEDED]"
de,activityMgmt.objects,"Nesneleri Tanıyalım","[DE-TRANSLATION-NEEDED]"
de,activityMgmt.reasoning,"Akıl Oyunları","[DE-TRANSLATION-NEEDED]"
de,activityMgmt.rhythmFollowing,"Ritim Takip","[DE-TRANSLATION-NEEDED]"
de,activityMgmt.shapeColoring,"Şekil Boyama","[DE-TRANSLATION-NEEDED]"
de,activityMgmt.title,"Etkinlik Yönetimi","[DE-TRANSLATION-NEEDED]"
de,communication.printSelectionCount,"",""
de,consent.accept,"Kabul Ediyorum","[DE-TRANSLATION-NEEDED]"
de,consent.body,"Uygulamayı kullanmaya devam etmek için Gizlilik Politikası'nı kabul etmeniz gerekir. Kişisel veriler toplamıyoruz; oyun ilerlemeniz ve ayarlarınız yalnızca cihazınızda saklanır. Ücretsiz sürümde kişiselleştirilmemiş reklamlar gösterilebilir.","[DE-TRANSLATION-NEEDED]"
de,consent.title,"Gizlilik Sözleşmesi","[DE-TRANSLATION-NEEDED]"
de,consent.viewPolicy,"Gizlilik Politikası'nı Oku","[DE-TRANSLATION-NEEDED]"
de,reasoning.activities.memoryCards.instruction,"Kartların yerini aklında tut ve eşlerini bul.","[DE-TRANSLATION-NEEDED]"
de,reasoning.activities.memoryCards.memorizeTitle,"Ezberle!","[DE-TRANSLATION-NEEDED]"
de,reasoning.activities.memoryCards.playTitle,"Eşini Bul","[DE-TRANSLATION-NEEDED]"
en,communication.printSelectionCount,"",""
fr,activityMgmt.concepts,"Kavram Etkinlikleri","[FR-TRANSLATION-NEEDED]"
fr,activityMgmt.fineMotor,"İnce Motor Beceriler","[FR-TRANSLATION-NEEDED]"
fr,activityMgmt.lineTracing,"Çizgi Takip","[FR-TRANSLATION-NEEDED]"
fr,activityMgmt.objects,"Nesneleri Tanıyalım","[FR-TRANSLATION-NEEDED]"
fr,activityMgmt.reasoning,"Akıl Oyunları","[FR-TRANSLATION-NEEDED]"
fr,activityMgmt.rhythmFollowing,"Ritim Takip","[FR-TRANSLATION-NEEDED]"
fr,activityMgmt.shapeColoring,"Şekil Boyama","[FR-TRANSLATION-NEEDED]"
fr,activityMgmt.title,"Etkinlik Yönetimi","[FR-TRANSLATION-NEEDED]"
fr,choice.hideHint,"İpucunu gizle","[FR-TRANSLATION-NEEDED]"
fr,choice.hideLabel,"Etiketleri gizle","[FR-TRANSLATION-NEEDED]"
fr,choice.showHint,"İpucu göster","[FR-TRANSLATION-NEEDED]"
fr,communication.printSelectionCount,"",""
fr,feedback.rightPrefix,"Doğru, bu","[FR-TRANSLATION-NEEDED]"
fr,parentTips.communication.text,"Çocuğunuzun ihtiyaçlarını, duygularını veya isteklerini ifade etmesine yardımcı olmak için İletişim Kartları bölümünü kullanın.","[FR-TRANSLATION-NEEDED]"
fr,parentTips.communication.title,"İletişim Kartları","[FR-TRANSLATION-NEEDED]"
fr,parentTips.customize.text,"Ayarlar'daki Etkinlik Yönetimi'ni kullanarak belirli becerilere odaklanın veya çocuğunuzun henüz hazır olmadığı etkinlikleri geçici olarak devre dışı bırakın.","[FR-TRANSLATION-NEEDED]"
fr,parentTips.customize.title,"Etkinlikleri Özelleştirin","[FR-TRANSLATION-NEEDED]"
fr,parentTips.extra.practice.text,"Yakında çocuğunuzun en çok zorlandığı etkinliklere göre bir 'Alıştırma Oturumu' başlatabileceksiniz.","[FR-TRANSLATION-NEEDED]"
fr,parentTips.extra.practice.title,"Alıştırma Modu (Yakında)","[FR-TRANSLATION-NEEDED]"
fr,parentTips.extra.title,"Ek İpuçları","[FR-TRANSLATION-NEEDED]"
fr,parentTips.guide,"Uygulama Rehberi","[FR-TRANSLATION-NEEDED]"
fr,parentTips.learnTogether.text,"Etkinlikleri çocuğunuzla birlikte yapın. Nesnelerin isimlerini tekrar edin ve onlar hakkında sorular sorun (""Bu hayvan nerede yaşar?"", ""Bu meyvenin tadı nasıldır?""). Bu, dil gelişimini destekler ve bağınızı güçlendirir.","[FR-TRANSLATION-NEEDED]"
fr,parentTips.learnTogether.title,"Birlikte Öğrenin","[FR-TRANSLATION-NEEDED]"
fr,parentTips.profile.text,"Uygulama ilk açılışta otomatik olarak ""Misafir"" profili oluşturur. Birden fazla çocuğu ayrı ayrı takip etmek isterseniz, Ayarlar menüsünden yeni profiller oluşturabilir veya mevcut profiller arasında geçiş yapabilirsiniz.","[FR-TRANSLATION-NEEDED]"
fr,parentTips.profile.title,"Profil Yönetimi (Opsiyonel)","[FR-TRANSLATION-NEEDED]"
fr,parentTips.progress.achievements.text,"Çocuğunuzun hangi kategorilerde ustalaştığını gösterir. Bir etkinliği 3 kez mükemmel tamamlayarak rozet kazanın!","[FR-TRANSLATION-NEEDED]"
fr,parentTips.progress.achievements.title,"Başarımlar Sekmesi","[FR-TRANSLATION-NEEDED]"
fr,parentTips.progress.report.text,"Çocuğunuz için en zorlayıcı ve en başarılı etkinlikleri vurgular.","[FR-TRANSLATION-NEEDED]"
fr,parentTips.progress.report.title,"İlerleme Raporu","[FR-TRANSLATION-NEEDED]"
fr,parentTips.progress.title,"İlerlemeyi Takip Edin","[FR-TRANSLATION-NEEDED]"
fr,parentTips.randomMode.text,"Farklı kategorilerden tüm etkinleştirilmiş egzersizlerin karışık bir seçkisini sunar ve öğrenmeyi eğlenceli bir şekilde pekiştirir.","[FR-TRANSLATION-NEEDED]"
fr,parentTips.randomMode.title,"Rastgele Modu Deneyin","[FR-TRANSLATION-NEEDED]"
fr,parentTips.settings.ban.text,"Çocuğunuz bir görseli sevmiyorsa, Ayarlar'dan ""Görüntüyü Yasakla"" seçeneğini etkinleştirip etkinliklerdeki yasakla düğmesini kullanarak o görseli daha sonra gizleyebilirsiniz.","[FR-TRANSLATION-NEEDED]"
fr,parentTips.settings.ban.title,"Görüntüyü Yasakla","[FR-TRANSLATION-NEEDED]"
fr,parentTips.settings.fastMode.text,"Geri bildirimleri kısaltır ve etkinlikler arasındakı geçişleri hızlandırır.","[FR-TRANSLATION-NEEDED]"
fr,parentTips.settings.fastMode.title,"Hızlı Mod","[FR-TRANSLATION-NEEDED]"
fr,parentTips.settings.themed.text,"Uygulamanın görünümünü değiştirin. 'Temalı' mod hareketli arka planlara sahiptir, 'Sade' mod ise daha yumuşak bir palet sunar.","[FR-TRANSLATION-NEEDED]"
fr,parentTips.settings.themed.title,"Temalı Arayüz","[FR-TRANSLATION-NEEDED]"
fr,parentTips.settings.title,"Ayarları Keşfedin","[FR-TRANSLATION-NEEDED]"
fr,reasoning.activities.memoryCards.instruction,"Kartların yerini aklında tut ve eşlerini bul.","[FR-TRANSLATION-NEEDED]"
fr,reasoning.activities.memoryCards.memorizeTitle,"Ezberle!","[FR-TRANSLATION-NEEDED]"
fr,reasoning.activities.memoryCards.playTitle,"Eşini Bul","[FR-TRANSLATION-NEEDED]"
nl,accessibility.autoSpeakOff,"Otomatik seslendirmeyi kapat","[NL-TRANSLATION-NEEDED]"
nl,accessibility.autoSpeakOn,"Otomatik seslendirmeyi aç","[NL-TRANSLATION-NEEDED]"
nl,activityMgmt.concepts,"Kavram Etkinlikleri","[NL-TRANSLATION-NEEDED]"
nl,activityMgmt.fineMotor,"İnce Motor Beceriler","[NL-TRANSLATION-NEEDED]"
nl,activityMgmt.lineTracing,"Çizgi Takip","[NL-TRANSLATION-NEEDED]"
nl,activityMgmt.objects,"Nesneleri Tanıyalım","[NL-TRANSLATION-NEEDED]"
nl,activityMgmt.reasoning,"Akıl Oyunları","[NL-TRANSLATION-NEEDED]"
nl,activityMgmt.rhythmFollowing,"Ritim Takip","[NL-TRANSLATION-NEEDED]"
nl,activityMgmt.shapeColoring,"Şekil Boyama","[NL-TRANSLATION-NEEDED]"
nl,activityMgmt.title,"Etkinlik Yönetimi","[NL-TRANSLATION-NEEDED]"
nl,communication.printSelectionCount,"",""
nl,concepts.activities.fewMuch,"Az / Çok","[NL-TRANSLATION-NEEDED]"
nl,concepts.activities.halfQuarterWhole,"[NL-TRANSLATION-NEEDED]","[NL-TRANSLATION-NEEDED]"
nl,concepts.activities.messyClean,"[NL-TRANSLATION-NEEDED]","[NL-TRANSLATION-NEEDED]"
nl,feedback.rightPrefix,"Doğru, bu","[NL-TRANSLATION-NEEDED]"
nl,menu.reasoning.subtitle,"Hafıza, sudoku ve mantık oyunları oyna.","[NL-TRANSLATION-NEEDED]"
nl,menu.reasoning.title,"Akıl Oyunları","[NL-TRANSLATION-NEEDED]"
nl,parentTips.communication.text,"Çocuğunuzun ihtiyaçlarını, duygularını veya isteklerini ifade etmesine yardımcı olmak için İletişim Kartları bölümünü kullanın.","[NL-TRANSLATION-NEEDED]"
nl,parentTips.communication.title,"İletişim Kartları","[NL-TRANSLATION-NEEDED]"
nl,parentTips.customize.text,"Ayarlar'daki Etkinlik Yönetimi'ni kullanarak belirli becerilere odaklanın veya çocuğunuzun henüz hazır olmadığı etkinlikleri geçici olarak devre dışı bırakın.","[NL-TRANSLATION-NEEDED]"
nl,parentTips.customize.title,"Etkinlikleri Özelleştirin","[NL-TRANSLATION-NEEDED]"
nl,parentTips.extra.practice.text,"Yakında çocuğunuzun en çok zorlandığı etkinliklere göre bir 'Alıştırma Oturumu' başlatabileceksiniz.","[NL-TRANSLATION-NEEDED]"
nl,parentTips.extra.practice.title,"Alıştırma Modu (Yakında)","[NL-TRANSLATION-NEEDED]"
nl,parentTips.extra.title,"Ek İpuçları","[NL-TRANSLATION-NEEDED]"
nl,parentTips.guide,"Uygulama Rehberi","[NL-TRANSLATION-NEEDED]"
nl,parentTips.learnTogether.text,"Etkinlikleri çocuğunuzla birlikte yapın. Nesnelerin isimlerini tekrar edin ve onlar hakkında sorular sorun (""Bu hayvan nerede yaşar?"", ""Bu meyvenin tadı nasıldır?""). Bu, dil gelişimini destekler ve bağınızı güçlendirir.","[NL-TRANSLATION-NEEDED]"
nl,parentTips.learnTogether.title,"Birlikte Öğrenin","[NL-TRANSLATION-NEEDED]"
nl,parentTips.profile.text,"Uygulama ilk açılışta otomatik olarak ""Misafir"" profili oluşturur. Birden fazla çocuğu ayrı ayrı takip etmek isterseniz, Ayarlar menüsünden yeni profiller oluşturabilir veya mevcut profiller arasında geçiş yapabilirsiniz.","[NL-TRANSLATION-NEEDED]"
nl,parentTips.profile.title,"Profil Yönetimi (Opsiyonel)","[NL-TRANSLATION-NEEDED]"
nl,parentTips.progress.achievements.text,"Çocuğunuzun hangi kategorilerde ustalaştığını gösterir. Bir etkinliği 3 kez mükemmel tamamlayarak rozet kazanın!","[NL-TRANSLATION-NEEDED]"
nl,parentTips.progress.achievements.title,"Başarımlar Sekmesi","[NL-TRANSLATION-NEEDED]"
nl,parentTips.progress.report.text,"Çocuğunuz için en zorlayıcı ve en başarılı etkinlikleri vurgular.","[NL-TRANSLATION-NEEDED]"
nl,parentTips.progress.report.title,"İlerleme Raporu","[NL-TRANSLATION-NEEDED]"
nl,parentTips.progress.title,"İlerlemeyi Takip Edin","[NL-TRANSLATION-NEEDED]"
nl,parentTips.randomMode.text,"Farklı kategorilerden tüm etkinleştirilmiş egzersizlerin karışık bir seçkisini sunar ve öğrenmeyi eğlenceli bir şekilde pekiştirir.","[NL-TRANSLATION-NEEDED]"
nl,parentTips.randomMode.title,"Rastgele Modu Deneyin","[NL-TRANSLATION-NEEDED]"
nl,parentTips.settings.ban.text,"Çocuğunuz bir görseli sevmiyorsa, Ayarlar'dan ""Görüntüyü Yasakla"" seçeneğini etkinleştirip etkinliklerdeki yasakla düğmesini kullanarak o görseli daha sonra gizleyebilirsiniz.","[NL-TRANSLATION-NEEDED]"
nl,parentTips.settings.ban.title,"Görüntüyü Yasakla","[NL-TRANSLATION-NEEDED]"
nl,parentTips.settings.fastMode.text,"Geri bildirimleri kısaltır ve etkinlikler arasındakı geçişleri hızlandırır.","[NL-TRANSLATION-NEEDED]"
nl,parentTips.settings.fastMode.title,"Hızlı Mod","[NL-TRANSLATION-NEEDED]"
nl,parentTips.settings.themed.text,"Uygulamanın görünümünü değiştirin. 'Temalı' mod hareketli arka planlara sahiptir, 'Sade' mod ise daha yumuşak bir palet sunar.","[NL-TRANSLATION-NEEDED]"
nl,parentTips.settings.themed.title,"Temalı Arayüz","[NL-TRANSLATION-NEEDED]"
nl,parentTips.settings.title,"Ayarları Keşfedin","[NL-TRANSLATION-NEEDED]"
nl,reasoning.activities.memoryCards.instruction,"Kartların yerini aklında tut ve eşlerini bul.","[NL-TRANSLATION-NEEDED]"
nl,reasoning.activities.memoryCards.memorizeTitle,"Ezberle!","[NL-TRANSLATION-NEEDED]"
nl,reasoning.activities.memoryCards.playTitle,"Eşini Bul","[NL-TRANSLATION-NEEDED]"
tr,communication.printSelectionCount,"",""